deal_id,drm_id
1,16
2,16
3,16
4,61
5,61
6,61
7,61
8,61
9,61
10,61
11,61
12,61
13,61
14,61
15,61
16,61
16,1000
17,61
18,61
19,61
19,1000
20,61
26,16
38,16
150,61
151,61
190,62
191,62
192,62
195,61
196,61
200,61
204,61
204,1000
225,1000
231,61
239,61
239,1000
240,61
241,61
242,61
287,61
308,61
358,61
385,61
389,61
391,61
410,61
415,61
426,52
428,52
431,52
434,52
436,52
442,61
449,61
450,61
451,61
452,61
454,61
455,61
457,61
458,61
459,61
460,61
462,61
468,61
473,61
474,61
485,61
487,61
488,61
490,61
494,61
496,61
498,61
499,61
501,61
506,61
508,61
511,61
513,61
514,61
514,1000
516,61
517,61
519,61
522,61
524,61
525,61
528,61
530,61
532,61
534,61
539,61
540,61
544,61
545,61
546,61
547,61
548,61
549,61
550,61
551,61
552,61
553,61
555,1000
557,61
558,61
559,1000
560,61
561,61
562,61
564,61
566,61
568,61
570,61
571,61
573,61
575,61
578,61
580,61
585,61
586,1000
593,61
594,61
595,61
598,1000
599,1000
600,61
603,61
606,61
609,61
611,61
612,61
613,1000
614,61
615,61
618,61
619,61
620,61
621,61
625,61
626,61
627,61
628,61
629,61
631,61
633,61
634,61
635,61
636,61
643,61
647,61
648,61
650,61
651,61
652,61
653,61
654,61
662,61
663,61
668,61
669,61
670,61
671,61
672,61
673,61
674,61
675,61
676,61
677,61
678,61
686,61
689,16
698,61
699,61
700,61
702,61
703,61
704,61
705,61
707,61
708,61
709,61
710,61
711,61
712,61
713,61
714,61
715,61
717,61
718,61
719,61
720,61
722,61
725,61
726,61
727,61
728,61
729,61
730,61
731,61
732,61
733,61
734,61
735,61
736,61
737,61
738,61
739,61
740,61
741,61
742,61
744,61
745,61
746,61
747,61
748,61
749,61
750,61
751,61
752,61
753,61
755,61
756,61
757,61
761,61
765,61
766,61
767,61
768,61
769,61
770,61
771,61
772,61
773,61
777,61
778,61
780,61
781,61
782,61
784,61
785,61
786,61
787,61
788,1000
789,61
790,61
791,61
792,61
793,61
794,61
795,61
797,61
798,61
799,61
800,61
801,61
803,61
804,61
806,61
809,61
810,61
811,61
812,61
813,61
815,61
816,61
818,61
819,61
820,61
821,61
823,61
824,61
825,61
826,61
827,61
830,61
832,61
833,61
834,61
835,61
836,61
837,1000
838,61
839,61
840,61
847,61
849,61
850,61
854,61
859,61
860,61
861,61
862,61
863,61
864,61
865,61
866,61
869,61
872,61
873,61
874,61
875,61
876,61
880,61
882,61
883,61
886,61
889,61
890,61
891,61
892,61
893,61
894,61
895,61
898,61
899,61
900,61
901,61
902,61
904,61
905,61
907,61
908,61
909,61
910,61
913,61
914,61
915,61
919,61
920,61
921,61
922,61
924,61
925,61
927,61
931,61
932,61
933,61
934,61
935,61
938,61
939,61
940,61
942,61
943,61
944,61
945,61
946,61
947,61
948,61
952,61
956,61
957,61
958,61
959,61
960,61
961,61
962,61
964,61
965,61
966,61
970,61
971,61
972,61
973,61
974,61
975,61
986,61
987,61
988,61
989,61
992,61
994,61
996,61
997,1000
998,61
1002,61
1006,61
1007,61
1011,61
1012,61
1013,61
1014,61
1015,61
1016,61
1017,61
1018,1000
1019,61
1020,61
1023,61
1024,61
1027,16
1029,61
1030,61
1031,61
1032,61
1033,61
1034,61
1035,61
1036,61
1037,61
1038,61
1039,61
1040,61
1041,61
1042,61
1043,61
1045,61
1047,61
1048,61
1049,61
1050,61
1051,61
1052,61
1054,61
1055,61
1057,61
1058,61
1060,61
1061,61
1064,61
1065,61
1066,61
1067,16
1068,61
1069,61
1070,61
1071,61
1072,61
1073,61
1074,61
1075,61
1076,61
1077,61
1078,61
1079,61
1080,61
1081,61
1082,61
1083,61
1084,61
1085,61
1086,61
1087,61
1089,61
1093,61
1098,61
1101,61
1109,61
1110,61
1111,61
1113,61
1121,61
1125,61
1130,61
1134,61
1136,61
1163,61
1164,61
1165,61
1166,61
1167,61
1171,61
1174,61
1177,1000
1180,61
1182,61
1183,61
1184,61
1185,61
1193,61
1194,61
1195,61
1205,61
1206,61
1207,61
1208,61
1214,61
1215,61
1216,61
1217,61
1218,61
1219,61
1220,61
1221,61
1236,61
1239,61
1250,61
1251,61
1264,61
1265,61
1268,61
1269,61
1271,61
1272,61
1273,61
1274,61
1275,61
1276,1000
1278,61
1290,61
1292,61
1294,61
1295,61
1302,61
1305,61
1307,61
1308,1000
1309,1000
1311,61
1312,61
1314,61
1315,1000
1319,61
1323,61
1326,61
1328,61
1329,61
1332,61
1333,61
1335,61
1337,61
1338,61
1362,61
1363,61
1372,61
1378,61
1381,61
1382,61
1393,61
1398,61
1416,61
1420,1000
1421,61
1430,61
1431,61
1442,61
1448,61
1449,61
1450,61
1451,61
1452,61
1453,61
1466,61
1470,61
1492,1000
1508,61
1517,1000
1519,61
1520,61
1521,61
1525,1000
1532,61
1538,1000
1551,61
1553,61
1554,61
1555,61
1556,61
1558,61
1559,61
1565,1000
1570,61
1571,61
1572,61
1576,1000
1579,61
1603,61
1604,61
1605,61
1606,61
1607,61
1608,61
1609,61
1610,61
1611,61
1612,61
1613,61
1614,61
1615,61
1616,61
1619,1000
1624,16
1625,61
1626,61
1634,16
1638,61
1639,61
1640,61
1641,1000
1642,61
1643,61
1644,61
1645,61
1646,61
1647,61
1648,61
1654,61
1655,61
1656,61
1657,61
1658,61
1674,61
1675,61
1676,61
1677,61
1678,61
1680,61
1681,61
1682,61
1683,61
1690,61
1695,61
1705,1000
1706,1000
1707,61
1709,61
1711,61
1712,61
1713,61
1714,61
1715,61
1716,61
1719,61
1721,61
1723,61
1727,1000
1728,61
1729,61
1731,61
1732,61
1733,61
1734,61
1735,61
1736,61
1737,61
1738,61
1739,61
1740,61
1741,61
1742,61
1743,61
1744,61
1745,61
1746,61
1747,61
1748,61
1749,61
1750,61
1751,61
1752,61
1753,61
1754,61
1755,61
1756,61
1757,61
1758,61
1759,61
1760,61
1761,61
1762,61
1763,61
1769,61
1770,61
1773,1000
1778,61
1784,61
1785,61
1793,61
1794,1000
1803,61
1806,1000
1807,1000
1812,1000
1813,61
1814,61
1815,61
1817,61
1818,61
1819,61
1820,61
1821,61
1822,61
1823,61
1826,61
1845,1000
1847,61
1851,1000
1858,61
1860,61
1866,62
1876,1000
1877,1000
1893,61
1895,1000
1908,1000
1916,1000
1917,1000
1921,61
1922,1000
1923,61
1924,61
1926,1000
1927,1000
1935,1000
1937,1000
1938,1000
1940,61
1946,61
1954,1000
1959,1000
1960,1000
1962,61
1962,1000
1965,61
1966,61
1968,61
2009,61
2011,1000
2012,61
2016,61
2022,61
2023,61
2027,61
2028,61
2058,1000
2064,61
2071,1000
2072,61
2076,61
2077,61
2078,61
2079,61
2087,61
2093,1000
2096,1000
2101,1000
2115,61
2117,1000
2121,1000
2124,1000
2127,61
2129,61
2132,1000
2133,61
2142,61
2145,61
2147,1000
2152,61
2153,61
2156,61
2158,61
2159,61
2160,61
2163,61
2166,1000
2186,61
2188,61
2191,61
2195,1000
2205,1000
2216,61
2219,61
2221,1000
2238,61
2239,61
2240,1000
2243,61
2244,1000
2267,1000
2269,1000
2270,1000
2271,61
2272,61
2274,61
2278,1000
2279,1000
2280,1000
2282,1000
2283,1000
2284,1000
2285,1000
2286,1000
2287,1000
2288,1000
2289,1000
2293,61
2298,61
2300,61
2301,61
2302,1000
2305,61
2310,61
2316,1000
2317,1000
2318,1000
2319,1000
2325,61
2332,61
2335,61
2338,1000
2339,61
2349,1000
2353,61
2354,61
2359,1000
2363,61
2366,61
2374,1000
2380,61
2391,1000
2415,61
2416,1000
2418,61
2425,61
2428,1000
2432,61
2439,1000
2442,61
2460,61
2462,61
2463,61
2467,61
2467,1000
2473,1000
2487,61
2490,61
2496,61
2499,61
2503,61
2506,61
2509,1000
2510,1000
2511,1000
2524,61
2526,61
2529,61
2535,61
2541,61
2545,61
2550,61
2552,1000
2556,61
2559,61
2572,61
2578,61
2581,1000
2587,1000
2593,61
2594,61
2595,61
2596,61
2600,1000
2603,61
2604,61
2609,1000
2617,61
2625,61
2633,61
2638,1000
2646,1000
2648,61
2650,61
2656,52
2660,61
2665,61
2667,61
2681,61
2704,1000
2710,1000
2712,61
2715,1000
2716,1000
2725,61
2730,61
2740,61
2761,1000
2762,61
2768,1000
2770,1000
2774,61
2800,61
2802,1000
2812,1000
2817,1000
2839,1000
2840,1000
2846,61
2853,1000
2856,61
2863,1000
2871,1000
2874,1000
2877,61
2879,61
2879,1000
2889,1000
2899,61
2907,61
2908,61
2909,61
2910,61
2912,61
2918,1000
2919,61
2919,1000
2920,1000
2923,1000
2925,1000
2928,1000
2937,1000
2938,61
2945,61
2947,1000
2951,1000
2953,1000
2957,1000
2961,61
2967,1000
2968,61
2970,1000
2971,1000
2974,61
2975,61
2976,1000
2980,1000
2982,61
2986,61
2989,1000
2997,61
2999,61
3023,61
3033,1000
3051,61
3058,1000
3064,61
3067,61
3071,61
3072,1000
3073,1000
3074,1000
3081,1000
3082,1000
3083,1000
3088,1000
3098,61
3101,61
3103,61
3105,61
3107,61
3108,61
3109,61
3113,1000
3114,61
3122,48
3126,61
3136,1000
3139,61
3140,61
3148,61
3152,61
3153,61
3155,1000
3156,1000
3158,1000
3159,61
3160,61
3171,61
3176,61
3181,61
3185,61
3193,61
3201,61
3202,1000
3206,61
3214,61
3219,1000
3224,61
3232,61
3244,61
3253,1000
3260,61
3262,61
3263,61
3264,61
3264,1000
3266,61
3268,61
3271,61
3276,1000
3279,1000
3280,1000
3285,1000
3306,1000
3307,61
3307,1000
3315,61
3319,1000
3321,61
3322,1000
3323,1000
3330,1000
3331,1000
3339,1000
3340,1000
3341,1000
3353,61
3365,1000
3369,61
3374,1000
3375,61
3383,52
3387,1000
3388,1000
3401,1000
3402,1000
3403,1000
3415,1000
3419,61
3436,1000
3437,1000
3438,1000
3457,61
3458,1000
3465,61
3482,61
3483,1000
3484,1000
3491,61
3492,61
3503,1000
3504,61
3514,61
3520,1000
3521,61
3525,61
3536,1000
3543,61
3545,61
3549,1000
3552,61
3557,61
3558,61
3579,61
3586,61
3595,1000
3599,61
3600,61
3616,1000
3618,1000
3630,61
3631,1000
3632,1000
3638,61
3643,61
3644,61
3658,1000
3659,1000
3661,61
3664,61
3696,1000
3717,61
3718,1000
3719,61
3719,1000
3720,1000
3723,61
3724,61
3727,1000
3731,1000
3732,61
3733,1000
3734,61
3751,1000
3753,61
3755,61
3762,61
3763,61
3765,1000
3777,1000
3790,61
3803,61
3804,1000
3805,1000
3807,61
3820,1000
3827,1000
3835,61
3836,61
3846,61
3852,61
3853,16
3856,61
3867,61
3873,61
3875,61
3877,61
3882,61
3883,61
3884,61
3885,61
3886,61
3887,61
3888,61
3889,61
3891,61
3892,61
3893,61
3894,61
3895,61
3896,61
3897,61
3904,61
3908,61
3909,61
3915,61
3923,61
3928,61
3931,1000
3932,61
3942,61
3961,61
3965,61
3973,61
3974,61
3985,61
3993,61
3998,61
4003,61
4007,1000
4011,61
4017,61
4021,61
4023,1000
4024,61
4031,61
4040,61
4045,61
4046,61
4075,61
4079,61
4093,61
4094,61
4097,61
4098,61
4099,61
4104,61
4105,61
4121,61
4122,61
4125,61
4126,61
4127,61
4128,61
4129,61
4130,61
4132,61
4134,61
4135,61
4136,61
4138,61
4140,61
4147,61
4148,61
4152,61
4153,61
4156,61
4158,61
4162,61
4163,61
4164,61
4167,61
4170,61
4171,61
4173,61
4178,61
4179,61
4185,61
4186,61
4189,1000
4193,61
4194,61
4197,61
4205,61
4207,61
4209,1000
4210,61
4211,61
4215,61
4218,61
4220,61
4221,61
4226,61
4229,61
4231,61
4232,61
4233,61
4235,61
4237,61
4238,61
4239,61
4241,61
4242,61
4243,61
4246,61
4248,61
4250,61
4255,61
4259,61
4262,61
4265,61
4267,61
4268,61
4269,61
4271,61
4274,61
4276,61
4277,61
4278,61
4280,61
4286,61
4287,61
4288,61
4294,61
4295,61
4299,61
4300,61
4301,61
4302,61
4303,61
4304,61
4305,61
4306,61
4307,61
4308,61
4309,61
4313,61
4315,61
4325,61
4327,61
4332,61
4333,61
4335,61
4339,61
4340,61
4341,61
4342,61
4343,61
4345,61
4346,61
4351,61
4353,61
4354,61
4356,61
4358,61
4359,61
4360,61
4361,61
4362,61
4369,61
4370,61
4371,61
4376,61
4377,61
4378,61
4379,61
4382,61
4385,61
4386,61
4387,61
4391,61
4393,61
4394,61
4395,61
4397,61
4398,61
4399,61
4400,61
4401,61
4402,61
4404,61
4405,61
4407,61
4410,61
4411,61
4412,61
4415,61
4416,61
4420,61
4421,61
4422,61
4423,61
4425,61
4426,61
4427,61
4428,61
4431,61
4436,61
4440,61
4444,61
4447,61
4448,61
4449,61
4450,61
4451,61
4452,61
4454,61
4455,61
4456,1000
4461,61
4463,61
4464,61
4465,61
4474,61
4476,61
4483,61
4488,61
4495,61
4496,61
4497,61
4498,61
4499,61
4500,61
4501,61
4502,61
4503,61
4504,61
4505,61
4506,61
4507,61
4508,61
4509,61
4511,61
4512,61
4514,61
4515,61
4516,61
4517,61
4518,61
4519,61
4520,61
4521,61
4522,61
4524,61
4527,61
4528,61
4534,61
4536,61
4540,61
4548,61
4549,61
4553,61
4554,61
4556,61
4557,61
4558,61
4559,61
4560,61
4561,61
4563,61
4564,61
4565,61
4566,61
4567,61
4569,61
4570,61
4572,62
4573,62
4587,61
4591,61
4592,61
4593,61
4598,1000
4615,61
4616,61
4625,61
4626,61
4629,61
4631,61
4632,61
4637,16
4638,16
4639,61
4640,61
4641,61
4646,61
4647,61
4651,61
4661,61
4662,61
4663,61
4667,61
4670,61
4671,61
4672,61
4673,61
4674,61
4675,61
4684,61
4687,61
4690,61
4692,1000
4693,61
4694,61
4697,61
4698,61
4699,61
4700,61
4701,61
4702,61
4703,61
4704,61
4705,61
4722,61
4723,61
4724,1000
4728,61
4737,61
4747,1000
4748,61
4749,61
4754,61
4755,61
4756,61
4757,61
4761,61
4776,61
4777,61
4781,61
4783,61
4790,61
4794,62
4795,62
4796,62
4797,62
4798,62
4799,62
4800,62
4802,61
4808,61
4818,61
4821,61
4831,61
4832,61
4833,61
4835,61
4836,61
4837,61
4852,61
4853,61
4854,61
4858,61
4872,61
4873,61
4874,61
4875,61
4876,61
4877,61
4878,61
4892,61
4894,61
4899,61
4905,61
4909,1000
4912,61
4914,61
4915,61
4927,61
4928,61
4929,61
4930,61
4934,61
4935,61
4942,61
4943,61
4944,61
4945,61
4946,61
4947,61
4948,61
4949,61
4950,61
4951,61
4952,61
4960,61
4961,61
4963,1000
4966,61
4974,61
4975,61
4976,61
4977,61
4978,61
4979,61
4980,61
4990,61
4992,61
4993,61
4994,61
4995,61
5000,61
5001,61
5007,61
5010,61
5011,61
5012,1000
5015,61
5016,61
5017,61
5024,61
5031,1000
5032,61
5034,61
5035,61
5039,1000
5043,61
5045,61
5050,61
5054,61
5055,61
5056,61
5057,61
5058,61
5059,61
5060,61
5061,61
5062,61
5064,61
5068,16
5069,16
5070,16
5071,61
5072,61
5073,61
5074,61
5075,61
5076,61
5077,61
5078,61
5079,61
5080,61
5081,61
5082,61
5083,61
5084,61
5085,61
5086,61
5087,61
5088,61
5089,61
5090,61
5091,61
5092,61
5106,1000
5109,1000
5119,1000
5122,1000
5123,1000
5124,1000
5126,1000
5134,1000
5137,1000
5143,1000
5147,61
5150,61
5151,1000
5153,61
5155,61
5170,61
5171,61
5184,1000
5185,61
5190,61
5191,61
5192,1000
5195,61
5196,1000
5203,61
5204,1000
5212,61
5215,61
5216,61
5221,1000
5227,61
5236,61
5248,61
5252,52
5263,61
5271,61
5274,61
5277,61
5284,61
5286,1000
5289,61
5296,61
5303,61
5321,1000
5327,61
5328,61
5337,61
5350,61
5352,61
5355,1000
5384,1000
5399,61
5403,61
5405,61
5411,61
5414,1000
5422,1000
5423,1000
5429,61
5432,1000
5433,61
5437,61
5445,61
5450,61
5467,61
5468,61
5481,61
5485,61
5488,61
5489,61
5497,61
5505,61
5509,1000
5513,1000
5515,61
5524,1000
5526,1000
5528,61
5532,1000
5534,61
5535,61
5540,61
5549,1000
5555,61
5564,61
5574,61
5577,61
5587,61
5588,1000
5594,1000
5599,61
5600,61
5602,1000
5607,61
5612,61
5619,61
5625,61
5639,1000
5640,61
5644,1000
5646,61
5652,1000
5662,61
5665,61
5669,61
5670,1000
5684,61
5687,61
5688,1000
5690,61
5704,61
5706,61
5708,61
5711,61
5719,61
5729,61
5743,61
5751,61
5763,61
5773,61
5774,61
5775,61
5776,61
5792,61
5793,61
5811,1000
5814,1000
5815,1000
5816,1000
5817,1000
5819,61
5833,61
5845,1000
5851,61
5858,61
5865,61
5876,61
5878,61
5882,1000
5883,61
5889,61
5891,1000
5892,1000
5893,61
5902,61
5920,1000
5934,61
5938,61
5939,1000
5942,61
5945,61
5947,61
5960,1000
5961,61
5962,61
5963,61
5965,61
5966,61
5967,61
5976,61
5977,61
5993,61
5995,61
6009,61
6019,61
6020,61
6025,61
6027,61
6032,61
6035,61
6038,61
6039,61
6045,61
6046,61
6047,61
6048,61
6049,61
6050,61
6051,61
6059,61
6069,61
6070,61
6071,61
6072,61
6073,61
6074,61
6077,61
6078,61
6079,61
6080,61
6081,61
6082,61
6083,61
6084,61
6085,61
6086,61
6087,61
6094,61
6116,61
6119,61
6125,61
6126,61
6132,61
6133,61
6136,61
6139,61
6143,61
6144,61
6155,61
6172,61
6173,61
6175,61
6178,61
6181,61
6183,61
6189,61
6194,61
6197,61
6204,61
6214,61
6215,61
6218,61
6219,1000
6222,61
6225,61
6231,61
6235,61
6240,61
6241,61
6247,61
6253,61
6260,61
6264,61
6268,61
6270,61
6280,61
6308,61
6319,61
6322,61
6323,61
6324,61
6325,61
6326,1000
6327,61
6331,61
6337,61
6339,61
6342,61
6345,61
6346,61
6347,61
6348,61
6349,61
6350,61
6359,1000
6380,61
6382,61
6393,61
6400,61
6404,61
6406,61
6408,61
6412,61
6429,61
6432,61
6438,61
6448,61
6462,61
6468,61
6473,61
6478,61
6480,61
6486,61
6496,61
6497,61
6502,61
6513,61
6520,61
6526,61
6527,61
6528,61
6529,61
6537,61
6540,61
6542,61
6543,61
6544,61
6550,61
6552,61
6555,61
6571,61
6573,61
6574,61
6575,61
6577,61
6578,61
6582,61
6583,61
6584,61
6585,61
6586,61
6587,61
6589,61
6590,61
6593,61
6595,61
6596,61
6598,61
6599,61
6604,61
6605,61
6607,61
6608,61
6609,61
6611,61
6612,61
6614,61
6615,61
6616,61
6617,61
6618,61
6619,61
6620,61
6621,61
6622,61
6623,61
6624,61
6625,61
6626,61
6627,61
6628,61
6629,61
6630,61
6631,61
6632,61
6633,61
6634,61
6635,61
6636,61
6637,61
6638,61
6639,61
6642,61
6644,61
6646,61
6647,61
6648,61
6649,61
6650,61
6651,61
6652,61
6653,61
6654,61
6655,61
6656,61
6657,61
6661,61
6663,61
6664,61
6665,61
6666,61
6667,61
6668,61
6669,61
6670,61
6671,61
6672,61
6673,61
6674,61
6675,61
6676,61
6677,61
6678,61
6679,61
6680,61
6681,61
6682,61
6683,61
6684,61
6686,61
6687,61
6688,61
6689,61
6690,61
6691,61
6692,61
6693,61
6694,61
6695,61
6696,61
6697,61
6698,61
6699,61
6700,61
6701,61
6702,61
6703,61
6704,61
6705,61
6706,61
6707,61
6708,61
6710,61
6711,61
6712,61
6713,61
6717,61
6718,1000
6729,61
6731,61
6735,61
6739,61
6744,61
6746,61
6747,61
6748,61
6749,61
6750,61
6752,61
6757,61
6768,61
6775,61
6778,61
6779,61
6780,61
6783,61
6784,61
6785,61
6787,61
6788,61
6789,61
6795,61
6798,61
6799,61
6800,61
6802,61
6803,61
6804,61
6805,61
6806,61
6807,61
6808,61
6809,61
6812,61
6823,61
6829,61
6830,61
6831,61
6832,61
6833,61
6834,61
6841,61
6845,61
6846,61
6848,61
6849,61
6850,61
6851,61
6856,61
6857,61
6870,61
6871,61
6878,61
6879,61
6882,61
6883,61
6885,61
6886,61
6887,61
6888,61
6892,61
6895,61
6896,61
6897,61
6899,61
6909,61
6910,61
6911,61
6914,61
6916,61
6917,61
6918,61
6919,61
6920,61
6921,61
6926,61
6937,61
6940,61
6943,61
6946,61
6950,61
6951,61
6952,61
6954,61
6958,61
6959,61
6971,61
6976,61
6977,61
6980,61
6981,61
6983,61
6984,61
6985,16
6987,61
6988,61
6989,61
6990,61
6991,61
6992,61
6997,61
6999,61
7000,61
7001,61
7002,61
7003,61
7004,61
7006,61
7007,61
7008,61
7009,61
7011,61
7012,61
7013,61
7014,61
7015,61
7016,61
7017,61
7018,61
7019,61
7020,61
7021,61
7022,61
7023,61
7024,61
7025,61
7026,61
7027,61
7028,61
7029,61
7030,61
7031,61
7032,61
7033,61
7034,61
7035,61
7036,61
7037,61
7038,61
7039,61
7040,61
7041,61
7042,61
7043,61
7044,61
7045,61
7046,61
7047,61
7050,61
7051,61
7052,61
7053,62
7054,62
7055,1000
7057,61
7060,61
7062,1000
7065,61
7066,61
7068,61
7071,61
7073,61
7076,61
7077,61
7079,61
7080,61
7081,61
7082,61
7083,61
7084,61
7085,61
7087,61
7088,61
7089,61
7090,61
7092,61
7093,61
7098,61
7099,61
7100,61
7105,61
7107,61
7109,61
7111,61
7112,61
7114,61
7115,61
7118,61
7120,61
7121,61
7124,61
7125,61
7127,61
7128,61
7129,61
7132,61
7133,61
7134,61
7135,61
7138,61
7139,61
7141,61
7142,61
7151,61
7153,61
7155,61
7157,61
7166,16
7167,61
7168,61
7173,61
7174,61
7175,61
7176,61
7178,61
7181,61
7182,61
7183,61
7184,61
7185,61
7188,61
7191,61
7192,61
7194,61
7195,61
7197,61
7198,61
7199,61
7200,61
7201,61
7202,61
7203,61
7204,61
7205,61
7206,61
7207,61
7208,61
7209,61
7210,61
7211,61
7212,61
7213,61
7214,61
7215,61
7216,61
7217,61
7218,61
7219,61
7220,61
7224,61
7228,61
7229,61
7230,61
7232,61
7233,61
7234,61
7241,61
7243,61
7244,61
7245,61
7246,61
7247,61
7248,61
7249,61
7250,61
7251,61
7253,61
7254,61
7255,61
7257,61
7259,61
7261,61
7271,61
7274,61
7275,61
7276,61
7278,61
7283,61
7288,62
7291,61
7292,61
7293,61
7294,61
7295,61
7296,61
7302,61
7303,61
7304,61
7308,1000
7315,61
7316,61
7318,61
7319,61
7323,61
7324,61
7325,61
7326,61
7329,61
7331,61
7334,61
7338,61
7339,61
7359,61
7413,61
7428,61
7434,61
7444,52
7471,1000
7481,61
7531,16
7541,61
7546,61
7556,61
7560,61
7583,61
7592,61
7621,61
7622,61
7638,61
7667,1000
7691,61
7695,61
7708,61
7710,61
7711,61
7744,61
7747,61
7778,61
7830,61
7831,61
7837,16
7855,16
7869,61
7873,61
7874,61
7887,61
7903,48
7913,61
7914,61
7915,61
7927,61
7931,16
7933,1000
7958,16
7961,61
7973,61
7982,61
7992,1000
8004,48
8005,61
8010,16
8027,61
8029,61
8030,61
8031,61
8042,61
8046,61
8048,61
8049,61
8050,61
8063,61
8071,61
8084,1000
8087,1000
8121,61
8124,61
8130,61
8132,16
8161,1000
8170,61
8177,61
8190,1000
8194,61
8200,61
8206,61
8207,61
8208,61
8209,61
8210,61
8211,61
8212,61
8227,61
8232,61
8250,61
8252,61
8254,61
8266,61
8267,61
8268,61
8274,61
8275,61
8284,61
8285,61
8286,61
8287,61
8288,61
8289,61
8290,61
8292,61
8293,61
8294,61
8295,61
8298,61
8307,1000
8311,16
8312,61
8313,61
8314,61
8315,61
8316,61
8317,61
8318,61
8319,61
8320,61
8321,61
8322,61
8323,61
8324,61
8325,61
8326,61
8327,61
8328,61
8329,61
8330,61
8331,61
8332,61
8333,61
8372,1000
8373,1000
8380,1000
8384,1000
8395,1000
8398,61
8410,1000
8411,1000
8449,1000
8452,61
8468,1000
8476,1000
8479,1000
8487,1000
8488,1000
8494,1000
8495,1000
8497,61
8500,1000
8501,1000
8504,1000
8506,61
8511,1000
8536,1000
8544,1000
8547,61
8549,1000
8559,61
8560,61
8571,61
8575,1000
8579,1000
8588,52
8589,52
8606,61
8608,1000
8609,61
8615,61
8617,61
8634,1000
8636,1000
8637,1000
8676,1000
8683,61
8688,61
8689,61
8690,61
8691,61
8692,61
8693,1000
8694,1000
8698,61
8698,1000
8699,61
8699,1000
8719,52
8720,1000
8733,1000
8739,61
8740,1000
8747,1000
8753,61
8758,1000
8761,1000
8768,1000
8775,1000
8777,1000
8784,61
8794,61
8798,1000
8813,1000
8817,1000
8822,1000
8824,1000
8840,61
8840,1000
8853,61
8854,61
8855,1000
8875,61
8877,1000
8884,1000
8895,1000
8902,1000
8907,1000
8909,1000
8915,61
8923,61
8929,61
8933,61
8936,1000
8937,61
8941,1000
8957,61
8959,1000
8962,61
8968,61
8984,61
8986,1000
9004,61
9009,61
9020,1000
9022,1000
9027,1000
9043,1000
9046,61
9058,1000
9067,61
9068,61
9081,61
9104,1000
9105,1000
9110,1000
9111,61
9115,1000
9116,1000
9119,61
9120,61
9127,61
9132,61
9135,61
9151,1000
9162,1000
9166,61
9167,1000
9172,61
9173,61
9182,61
9184,61
9208,61
9210,1000
9219,1000
9239,61
9240,61
9288,61
9323,61
9326,1000
9327,1000
9338,61
9351,1000
9353,1000
9354,61
9360,1000
9364,1000
9374,1000
9375,1000
9383,1000
9387,61
9392,61
9395,1000
9398,1000
9399,1000
9400,1000
9402,501
9406,1000
9407,1000
9408,1000
9410,1000
9415,1000
9423,1000
9424,61
9435,61
9472,61
9476,1000
9485,1000
9490,1000
9499,1000
9500,1000
9501,1000
9503,1000
9507,61
9516,1000
9517,1000
9520,1000
9521,52
9522,1000
9535,61
9536,1000
9580,1000
9583,61
9596,61
9605,52
9606,1000
9613,61
9614,61
9617,1000
9620,1000
9621,61
9623,1000
9628,1000
9630,61
9634,1000
9646,61
9660,1000
9662,1000
9677,61
9678,61
9685,1000
9687,61
9693,61
9714,61
9715,61
9718,1000
9720,1000
9722,1000
9727,1000
9728,1000
9729,61
9732,61
9736,61
9738,1000
9742,1000
9744,61
9749,1000
9755,1000
9763,1000
9786,61
9787,61
9798,61
9801,52
9802,52
9804,52
9806,52
9808,52
9819,61
9821,1000
9842,61
9845,1000
9848,61
9852,61
9882,1000
9890,61
9903,1000
9904,1000
9905,1000
9911,1000
9913,61
9914,1000
9916,1000
9936,1000
9939,61
9943,61
9961,1000
9962,1000
9963,1000
9975,61
9994,1000
10024,61
10026,61
10027,1000
10041,61
10052,61
10064,1000
10072,1000
10086,1000
10094,1000
10098,61
10106,61
10107,61
10109,1000
10111,61
10119,61
10134,61
10135,61
10136,61
10138,1000
10143,1000
10145,1000
10153,1000
10167,1000
10172,1000
10177,1000
10193,1000
10194,1000
10203,61
10207,1000
10209,1000
10211,61
10219,1000
10227,1000
10236,61
10249,1000
10263,1000
10264,1000
10269,61
10281,1000
10290,1000
10291,61
10292,61
10293,61
10297,1000
10298,1000
10303,1000
10306,1000
10336,61
10341,61
10353,61
10355,1000
10357,61
10358,61
10375,61
10377,1000
10379,61
10381,1000
10382,61
10387,1000
10388,16
10388,61
10409,61
10425,1000
10435,61
10438,1000
10454,61
10458,61
10460,61
10461,1000
10467,61
10473,1000
10481,1000
10492,1000
10496,1000
10502,1000
10521,61
10528,61
10530,1000
10533,1000
10534,1000
10535,1000
10536,1000
10537,1000
10545,1000
10573,1000
10574,1000
10586,1000
10609,1000
10611,1000
10612,1000
10619,1000
10629,61
10634,61
10636,1000
10642,61
10653,61
10666,61
10695,61
10706,1000
10709,1000
10713,1000
10714,1000
10742,1000
10748,1000
10758,52
10761,61
10763,1000
10773,61
10782,1000
10783,1000
10785,61
10793,1000
10799,61
10804,61
10805,61
10807,1000
10808,1000
10809,1000
10813,61
10833,52
10841,1000
10843,52
10853,1000
10858,1000
10859,1000
10875,1000
10881,1000
10901,1000
10912,61
10914,61
10924,61
10947,1000
10949,1000
10950,1000
10951,1000
10958,1000
10965,1000
10966,1000
10967,1000
10986,1000
10987,61
11001,61
11039,1000
11045,1000
11063,61
11065,1000
11072,61
11077,61
11084,61
11085,61
11086,61
11087,61
11098,1000
11099,1000
11121,1000
11134,1000
11135,1000
11142,1000
11146,61
11156,61
11162,61
11165,61
11167,61
11177,1000
11181,61
11186,61
11194,1000
11200,61
11219,1000
11223,1000
11227,61
11228,61
11229,61
11251,61
11260,1000
11269,61
11274,1000
11275,1000
11276,1000
11277,1000
11278,48
11294,61
11300,61
11321,1000
11334,61
11341,1000
11358,1000
11387,61
11393,61
11423,1000
11430,61
11431,61
11432,61
11443,1000
11461,61
11478,61
11487,1000
11496,61
11501,1000
11515,1000
11558,1000
11567,61
11568,1000
11572,1000
11573,1000
11574,61
11588,61
11589,61
11590,61
11591,61
11592,61
11607,61
11615,61
11622,61
11626,1000
11629,1000
11639,1000
11640,1000
11666,52
11667,52
11679,61
11690,61
11691,61
11702,1000
11703,61
11721,1000
11722,1000
11723,1000
11746,1000
11747,61
11762,1000
11766,61
11767,61
11768,61
11772,61
11773,61
11774,61
11775,61
11776,61
11777,61
11778,61
11779,61
11780,61
11781,61
11782,61
11783,61
11784,61
11785,61
11786,61
11787,61
11789,61
11790,61
11791,61
11792,61
11793,61
11794,61
11796,61
11798,61
11799,61
11800,61
11801,61
11802,61
11803,61
11804,61
11805,61
11806,61
11807,61
11808,16
11809,61
11810,61
11811,61
11812,61
11813,61
11814,16
11815,61
11816,61
11817,61
11818,61
11819,61
11820,61
11821,61
11822,61
11823,61
11824,61
11825,61
11826,61
11827,61
11828,61
11829,61
11830,61
11836,1000
11837,61
11840,61
11844,61
11846,61
11847,61
11849,61
11851,61
11853,61
11857,61
11869,61
11870,61
11871,61
11880,61
11883,61
11887,61
11894,61
11895,61
11896,61
11898,61
11899,61
11904,1000
11905,61
11908,61
11909,61
11911,61
11918,61
11920,61
11923,61
11924,61
11925,61
11926,61
11927,61
11928,61
11930,61
11931,61
11932,61
11933,61
11935,61
11936,61
11937,61
11938,61
11939,61
11940,61
11941,61
11942,61
11943,61
11944,61
11945,61
11946,61
11947,61
11948,61
11951,61
11952,61
11954,61
11955,61
11956,61
11959,61
11960,61
11961,61
11962,61
11963,61
11964,61
11965,61
11966,61
11967,61
11968,61
11969,61
11970,61
11972,61
11973,61
11974,61
11975,61
11976,61
11977,61
11978,61
11979,61
11980,61
11981,61
11983,61
11985,61
11988,61
11989,61
11990,61
11991,61
11992,61
11994,61
11995,61
11996,61
12000,61
12001,61
12003,61
12004,61
12005,61
12007,61
12009,61
12012,61
12013,16
12015,61
12018,61
12019,61
12020,61
12021,61
12022,61
12024,61
12026,61
12027,61
12028,61
12029,61
12032,61
12033,61
12038,61
12039,61
12040,61
12041,61
12042,61
12043,61
12045,61
12047,61
12048,61
12050,61
12052,61
12053,61
12054,61
12055,61
12056,61
12062,61
12063,61
12069,61
12075,61
12077,61
12078,16
12079,16
12080,61
12081,61
12082,61
12083,61
12088,16
12089,61
12090,61
12092,61
12093,61
12094,61
12095,61
12096,61
12097,61
12098,61
12101,61
12102,61
12106,61
12110,61
12111,61
12112,61
12113,61
12114,61
12115,61
12116,61
12117,61
12118,61
12119,61
12120,61
12121,61
12122,61
12123,61
12124,61
12125,61
12126,61
12127,61
12128,61
12129,61
12130,61
12132,61
12133,61
12134,61
12135,61
12138,61
12139,61
12140,61
12147,61
12148,61
12150,61
12154,1000
12156,61
12159,1000
12165,61
12166,61
12167,62
12168,1000
12174,61
12179,61
12181,61
12185,61
12188,61
12189,61
12191,61
12192,61
12194,61
12195,61
12197,61
12201,62
12202,62
12203,62
12204,62
12205,62
12206,62
12207,62
12208,62
12209,62
12210,62
12211,61
12212,61
12214,61
12215,35
12221,61
12222,61
12224,61
12225,61
12226,61
12227,61
12231,61
12232,61
12234,61
12235,61
12236,61
12238,61
12239,61
12240,61
12242,61
12244,61
12247,61
12248,61
12249,61
12250,61
12251,61
12252,61
12253,61
12254,61
12257,61
12259,61
12263,61
12264,61
12266,61
12267,61
12272,61
12273,61
12274,61
12275,61
12286,61
12289,61
12290,61
12297,61
12298,61
12299,61
12304,61
12305,61
12306,61
12307,61
12308,61
12314,61
12318,61
12319,61
12320,61
12323,61
12324,61
12325,61
12326,61
12327,61
12328,61
12329,61
12330,61
12331,61
12333,1000
12334,61
12336,61
12338,61
12339,61
12340,61
12343,61
12344,61
12345,61
12346,61
12347,61
12348,61
12349,61
12353,61
12355,61
12357,61
12359,61
12360,61
12365,61
12366,61
12367,61
12370,61
12371,61
12372,1000
12374,61
12375,61
12383,61
12384,61
12388,61
12395,61
12396,61
12397,61
12401,61
12402,61
12403,61
12404,61
12405,61
12406,61
12407,61
12408,61
12410,61
12411,61
12413,61
12415,1000
12417,61
12418,61
12419,61
12420,61
12421,61
12422,61
12423,61
12425,61
12429,61
12430,1000
12431,61
12432,61
12433,61
12435,61
12437,61
12440,61
12442,61
12443,61
12444,61
12445,61
12446,61
12447,61
12448,61
12450,61
12451,61
12452,61
12453,61
12454,61
12455,61
12458,1000
12459,61
12460,61
12464,61
12465,61
12466,61
12469,61
12472,61
12473,61
12474,61
12476,61
12477,61
12478,61
12479,61
12481,1000
12482,1000
12486,61
12487,61
12488,61
12489,61
12492,61
12493,61
12494,61
12495,61
12496,61
12497,61
12498,61
12499,61
12500,61
12502,61
12506,61
12507,61
12508,61
12509,61
12510,61
12511,61
12512,61
12513,61
12514,61
12515,61
12516,61
12517,61
12519,61
12520,61
12521,61
12522,61
12523,61
12528,61
12529,61
12531,1000
12532,61
12534,61
12536,61
12538,61
12540,61
12541,61
12542,61
12544,1000
12545,61
12546,61
12547,61
12548,61
12549,61
12550,61
12551,1000
12552,61
12554,61
12556,61
12560,61
12561,61
12562,61
12563,61
12564,61
12565,1000
12567,61
12568,61
12569,61
12573,61
12574,61
12575,61
12576,61
12577,61
12578,61
12585,1000
12586,61
12589,61
12590,61
12599,61
12605,61
12607,61
12609,61
12610,1000
12612,61
12613,61
12614,61
12616,61
12617,61
12618,61
12619,61
12620,61
12621,61
12622,61
12623,62
12624,62
12625,61
12626,61
12628,61
12629,1000
12630,61
12631,61
12632,61
12634,61
12636,61
12637,61
12638,61
12639,61
12650,61
12657,16
12658,61
12669,61
12671,61
12691,61
12693,61
12704,61
12705,61
12719,61
12730,61
12746,61
12770,61
12771,61
12772,61
12773,61
12774,61
12775,61
12811,61
12817,61
12825,61
12856,61
12882,61
12914,61
12929,61
12978,1000
13001,61
13005,61
13021,1000
13022,61
13052,61
13065,61
13066,61
13076,1000
13112,16
13121,61
13139,61
13143,61
13152,61
13162,61
13170,61
13174,61
13218,61
13234,16
13245,1000
13247,61
13254,61
13263,61
13273,61
13275,61
13278,61
13283,1000
13289,61
13327,61
13350,61
13351,61
13377,61
13419,61
13420,61
13422,61
13427,61
13428,61
13447,61
13458,1000
13468,61
13476,61
13477,61
13478,61
13479,61
13480,61
13494,61
13516,61
13520,61
13526,61
13540,1000
13542,61
13543,61
13544,61
13545,61
13546,61
13550,1000
13559,16
13560,16
13561,16
13562,16
13563,16
13564,61
13565,61
13566,61
13567,61
13568,61
13569,61
13570,61
13571,61
13572,61
13573,61
13574,61
13575,61
13576,61
13580,61
13583,61
13588,1000
13589,61
13601,1000
13620,1000
13632,1000
13634,1000
13639,1000
13645,61
13665,61
13675,1000
13677,61
13678,1000
13679,1000
13687,1000
13688,1000
13695,1000
13698,61
13701,1000
13702,1000
13706,1000
13707,61
13724,1000
13743,61
13745,1000
13748,61
13754,1000
13773,61
13781,1000
13783,1000
13793,1000
13803,61
13804,61
13808,1000
13809,1000
13810,1000
13825,1000
13831,1000
13837,61
13847,1000
13852,1000
13861,1000
13865,1000
13882,1000
13890,1000
13922,1000
13923,1000
13924,61
13925,1000
13931,61
13940,61
13941,1000
13951,1000
13954,1000
13955,1000
13961,1000
13981,61
13982,1000
13983,1000
13986,61
13987,61
14015,61
14017,1000
14026,1000
14027,1000
14033,1000
14036,61
14037,61
14041,52
14046,61
14054,61
14055,1000
14066,1000
14067,1000
14075,1000
14076,1000
14077,1000
14078,1000
14079,61
14081,1000
14083,1000
14085,1000
14104,61
14109,1000
14116,1000
14136,61
14140,61
14147,61
14150,61
14158,52
14159,52
14160,52
14163,61
14164,61
14168,62
14170,1000
14172,1000
14174,1000
14175,1000
14199,1000
14200,1000
14205,1000
14206,1000
14208,1000
14209,61
14210,1000
14211,1000
14213,1000
14216,1000
14217,1000
14218,1000
14219,1000
14224,1000
14230,1000
14231,1000
14245,1000
14282,61
14288,1000
14302,1000
14327,61
14343,1000
14346,61
14347,61
14352,1000
14354,1000
14356,61
14393,1000
14400,62
14401,1000
14407,61
14408,1000
14411,61
14412,1000
14415,1000
14425,61
14483,1000
14485,1000
14494,1000
14501,1000
14515,61
14518,1000
14522,1000
14536,1000
14539,1000
14551,1000
14552,1000
14553,1000
14558,1000
14572,61
14576,1000
14577,1000
14579,1000
14585,1000
14586,1000
14587,1000
14592,61
14600,1000
14606,1000
14607,1000
14609,1000
14611,61
14613,61
14620,1000
14621,1000
14642,61
14643,1000
14654,61
14663,1000
14682,61
14685,1000
14703,61
14704,61
14705,61
14710,1000
14732,1000
14733,1000
14734,1000
14736,1000
14760,61
14777,61
14786,1000
14792,52
14795,61
14802,1000
14804,1000
14806,1000
14813,61
14818,1000
14824,1000
14826,1000
14833,61
14836,1000
14850,61
14860,1000
14868,61
14869,61
14888,61
14908,61
14911,1000
14912,1000
14913,1000
14914,1000
14928,61
14943,1000
14948,1000
14962,1000
14963,1000
14966,1000
14967,61
14975,1000
14978,61
14979,1000
14981,1000
14983,1000
14993,61
15001,61
15042,61
15047,1000
15062,1000
15074,1000
15076,1000
15078,61
15079,1000
15082,61
15087,61
15091,1000
15092,1000
15094,61
15101,61
15103,1000
15106,1000
15109,1000
15110,1000
15112,61
15127,1000
15135,61
15137,1000
15163,1000
15168,61
15181,1000
15182,1000
15183,1000
15201,61
15218,1000
15221,1000
15224,1000
15229,61
15232,61
15235,61
15236,1000
15238,1000
15249,61
15253,1000
15271,1000
15275,61
15281,1000
15282,1000
15283,1000
15291,1000
15294,61
15303,1000
15304,1000
15305,1000
15306,1000
15309,61
15331,61
15343,1000
15350,61
15354,61
15358,1000
15362,61
15365,1000
15366,61
15370,1000
15373,1000
15383,61
15387,61
15388,61
15395,1000
15397,61
15398,61
15419,61
15432,61
15433,61
15434,61
15447,1000
15453,1000
15456,61
15457,61
15464,1000
15485,1000
15486,1000
15487,1000
15492,1000
15499,1000
15508,1000
15509,1000
15515,1000
15516,1000
15535,1000
15536,1000
15539,61
15540,61
15544,1000
15547,61
15550,61
15555,61
15558,1000
15560,61
15569,1000
15573,61
15582,1000
15585,1000
15590,1000
15591,1000
15592,1000
15595,1000
15604,61
15623,1000
15627,1000
15636,1000
15641,1000
15642,1000
15648,1000
15650,1000
15674,1000
15675,1000
15685,61
15693,61
15708,61
15712,1000
15719,1000
15722,1000
15727,1000
15732,1000
15740,61
15745,61
15746,61
15747,61
15748,61
15749,61
15761,1000
15780,1000
15808,1000
15822,1000
15832,61
15834,61
15843,1000
15845,1000
15851,61
15858,1000
15866,61
15868,1000
15876,1000
15893,61
15897,61
15900,1000
15901,1000
15902,1000
15912,61
15924,1000
15933,61
15934,61
15942,61
15944,1000
15945,1000
15946,1000
15947,1000
15952,1000
15954,1000
15956,1000
15982,1000
15985,61
15989,1000
15990,1000
15994,1000
15998,1000
16011,61
16018,1000
16028,1000
16037,48
16054,1000
16059,48
16061,1000
16066,1000
16072,1000
16078,1000
16082,1000
16086,1000
16090,61
16096,1000
16097,1000
16108,1000
16117,61
16118,61
16120,61
16137,1000
16143,1000
16162,1000
16163,1000
16165,1000
16192,1000
16197,61
16198,61
16201,61
16202,61
16203,61
16204,61
16206,61
16207,61
16211,61
16212,61
16213,61
16214,61
16216,61
16217,61
16219,61
16220,61
16222,1000
16224,1000
16225,61
16226,61
16227,61
16229,61
16231,1000
16232,61
16233,61
16235,61
16236,61
16237,61
16238,61
16239,61
16241,61
16242,61
16244,61
16245,61
16246,61
16247,61
16248,1000
16249,61
16251,1000
16252,61
16253,61
16256,61
16257,61
16258,61
16263,61
16266,61
16267,61
16268,61
16271,61
16272,61
16273,61
16274,61
16275,61
16276,61
16277,61
16279,61
16280,61
16281,61
16282,61
16283,61
16284,61
16285,61
16286,61
16289,61
16294,61
16295,61
16299,61
16300,61
16305,61
16308,501
16309,61
16315,61
16316,61
16317,61
16328,61
16329,61
16331,61
16333,61
16338,61
16341,61
16346,62
16349,61
16352,61
16359,61
16363,61
16368,61
16380,61
16381,61
16385,61
16391,61
16395,61
16399,61
16406,61
16410,61
16427,61
16428,61
16429,61
16455,61
16457,61
16460,61
16462,61
16465,61
16466,61
16467,61
16476,61
16478,1000
16489,61
16490,61
16494,61
16495,61
16498,61
16499,61
16500,61
16501,61
16502,61
16516,61
16519,61
16522,61
16524,61
16526,61
16527,61
16544,61
16552,61
16618,61
16623,1000
16631,61
16682,61
16684,61
16691,61
16704,61
16705,61
16708,61
16727,61
16735,61
16738,61
16745,62
16746,62
16764,61
16766,61
16767,61
16768,61
16771,61
16774,61
16775,61
16776,61
16779,61
16780,61
16781,61
16782,61
16783,61
16784,61
16785,61
16786,61
16787,61
16788,61
16789,61
16790,61
16791,61
16792,61
16793,61
16794,61
16795,61
16796,61
16797,61
16798,61
16801,61
16802,61
16803,61
16804,61
16805,61
16807,61
16808,61
16809,61
16810,61
16811,61
16812,61
16814,61
16815,61
16815,1000
16816,1000
16819,61
16820,61
16821,61
16822,61
16823,61
16825,61
16830,61
16832,61
16833,61
16834,61
16835,61
16836,61
16837,61
16842,61
16844,61
16845,61
16846,61
16847,61
16848,61
16850,61
16852,61
16853,61
16854,62
16855,62
16856,62
16857,1000
16858,61
16859,61
16861,1000
16862,61
16863,61
16864,61
16872,61
16875,61
16876,61
16878,1000
16879,1000
16905,61
16906,61
16907,61
16931,61
16932,61
16934,61
16937,61
16946,61
16976,61
17032,61
17073,61
17077,61
17079,61
17085,61
17091,61
17097,16
17118,61
17123,1000
17124,61
17125,61
17126,61
17152,61
17161,61
17178,61
17185,61
17190,16
17198,16
17283,61
17310,61
17312,1000
17332,61
17366,61
17395,61
17396,61
17409,16
17417,61
17430,61
17435,61
17436,61
17459,61
17462,1000
17473,61
17493,1000
17501,61
17514,61
17519,1000
17528,61
17562,61
17599,61
17603,1000
17611,61
17645,61
17646,1000
17651,61
17652,61
17663,1000
17672,1000
17697,61
17698,61
17701,61
17714,61
17716,61
17737,61
17743,61
17744,61
17745,61
17746,61
17747,61
17748,61
17751,1000
17758,16
17759,16
17760,61
17761,61
17762,61
17763,61
17764,61
17765,61
17766,61
17767,61
17768,1000
17786,1000
17815,1000
17825,1000
17853,1000
17860,1000
17861,61
17864,1000
17877,1000
17886,61
17922,1000
17941,1000
17969,1000
17971,61
17972,1000
17973,1000
17977,1000
17989,1000
17998,61
18002,1000
18004,1000
18009,61
18014,1000
18039,1000
18071,1000
18079,61
18088,1000
18120,1000
18122,1000
18124,61
18189,1000
18205,1000
18206,1000
18220,61
18224,1000
18228,1000
18266,1000
18273,1000
18279,61
18280,61
18306,1000
18311,1000
18317,1000
18318,1000
18319,1000
18342,61
18410,1000
18418,1000
18424,1000
18431,61
18447,1000
18453,1000
18457,1000
18467,1000
18469,1000
18471,61
18501,61
18502,61
18505,61
18523,1000
18531,61
18565,52
18566,52
18567,52
18568,1000
18581,1000
18593,61
18626,1000
18630,61
18648,1000
18661,61
18678,1000
18684,1000
18730,52
18731,52
18804,1000
18829,61
18838,1000
18872,1000
18876,61
18877,1000
18884,1000
18886,52
18887,61
18896,61
18898,61
18921,1000
18942,61
18948,1000
18954,61
18993,1000
18997,61
19045,61
19051,1000
19052,1000
19058,1000
19065,1000
19074,1000
19099,1000
19113,1000
19119,1000
19129,1000
19135,1000
19140,1000
19151,1000
19225,1000
19254,1000
19275,61
19283,1000
19286,61
19331,1000
19333,61
19386,1000
19400,1000
19402,61
19435,1000
19444,1000
19446,61
19450,1000
19487,61
19488,61
19490,1000
19498,1000
19511,61
19515,1000
19542,1000
19573,1000
19585,1000
19634,1000
19665,1000
19668,61
19691,1000
19722,61
19729,61
19740,1000
19762,61
19770,1000
19793,1000
19810,1000
19811,1000
19876,1000
19889,1000
19901,1000
19905,61
19912,1000
19942,1000
19943,61
20020,1000
20031,61
20036,1000
20047,1000
20063,1000
20067,1000
20082,1000
20086,61
20092,1000
20096,1000
20098,61
20104,1000
20118,1000
20133,1000
20134,1000
20135,1000
20172,61
20173,61
20184,1000
20208,61
20229,1000
20242,1000
20266,61
20267,61
20268,61
20270,61
20271,61
20272,61
20273,61
20275,61
20277,16
20280,61
20282,61
20284,61
20285,61
20289,61
20290,61
20296,61
20307,61
20308,61
20312,61
20313,61
20314,61
20315,61
20322,61
20336,1000
20344,61
20345,1000
20348,61
20355,61
20361,61
20363,61
20364,61
20365,61
20369,1000
20373,61
20385,61
20392,61
20395,61
20396,61
20397,61
20400,61
20401,61
20402,61
20403,61
20404,61
20405,61
20407,61
20409,61
20410,61
20411,61
20412,61
20413,61
20414,61
20415,1000
20416,61
20418,61
20419,61
20420,61
20421,61
20422,61
20423,61
20425,61
20426,61
20427,61
20428,61
20429,61
20430,61
20431,61
20449,1000
20451,61
20453,61
20454,61
20455,61
20456,61
20457,61
20458,61
20459,61
20461,61
20462,61
20464,61
20468,61
20469,61
20470,61
20471,61
20473,61
20476,61
20479,61
20481,61
20482,61
20486,61
20488,61
20489,61
20491,61
20493,61
20494,61
20496,61
20497,61
20498,61
20499,61
20502,61
20503,61
20504,61
20506,61
20507,61
20508,61
20509,61
20510,61
20511,61
20512,61
20513,61
20514,61
20515,61
20516,61
20517,61
20518,61
20519,61
20522,61
20523,61
20525,61
20526,61
20531,61
20532,61
20537,61
20538,61
20545,61
20546,61
20547,61
20548,61
20560,61
20565,61
20566,61
20568,61
20572,61
20582,61
20584,61
20591,61
20598,61
20601,61
20611,61
20620,61
20625,61
20631,1000
20642,61
20654,61
20655,61
20656,61
20657,61
20658,61
20667,61
20714,61
20716,61
20723,1000
20726,61
20730,1000
20731,1000
20733,61
20743,61
20744,1000
20749,1000
20754,61
20758,1000
20759,1000
20760,61
20761,61
20768,61
20771,61
20772,61
20773,61
20783,61
20787,61
20792,61
20809,1000
20823,61
20826,1000
20836,1000
20846,1000
20879,1000
20895,61
20899,61
20909,61
20913,61
20917,61
20918,61
20938,1000
20942,1000
20947,61
20951,61
20956,61
20958,61
20960,61
20961,61
20965,61
20966,16
20968,61
20974,61
20975,61
20979,61
20980,1000
20984,61
20994,61
20997,61
20999,61
21003,61
21005,61
21018,61
21019,61
21020,61
21027,61
21039,61
21041,61
21042,61
21043,61
21051,61
21052,61
21075,61
21087,61
21089,61
21098,61
21100,1000
21117,61
21121,61
21126,61
21127,61
21128,61
21144,61
21145,61
21149,61
21154,61
21197,1000
21213,61
21214,61
21215,61
21216,1000
21219,1000
21221,61
21222,61
21226,61
21230,61
21232,1000
21235,61
21241,1000
21243,61
21251,61
21255,1000
21261,61
21264,61
21266,1000
21275,1000
21276,1000
21277,61
21281,61
21286,61
21287,61
21300,61
21315,61
21319,61
21320,61
21370,1000
21383,61
21384,61
21385,61
21402,61
21409,61
21423,61
21430,61
21435,61
21438,1000
21439,1000
21474,61
21474,1000
21484,61
21525,61
21547,61
21556,1000
21633,61
21634,61
21635,61
21637,61
21645,61
21675,61
21688,61
21710,61
21721,61
21732,61
21736,61
21743,61
21751,61
21758,61
21763,61
21764,61
21768,1000
21772,61
21773,61
21774,61
21775,61
21776,61
21777,61
21778,61
21779,61
21780,61
21781,61
21782,61
21783,61
21784,61
21807,1000
21836,1000
21889,1000
21907,1000
21911,1000
21925,1000
21942,1000
21956,1000
21957,1000
21958,1000
21959,1000
21960,1000
21961,1000
21962,1000
21963,1000
21964,1000
21967,1000
21969,1000
22031,1000
22033,1000
22035,61
22037,1000
22040,1000
22043,61
22072,1000
22074,61
22127,1000
22132,1000
22143,1000
22157,1000
22208,1000
22232,1000
22237,1000
22239,1000
22242,1000
22253,1000
22283,1000
22291,1000
22310,1000
22313,1000
22396,61
22404,1000
22405,1000
22406,1000
22411,1000
22419,1000
22423,61
22446,61
22447,61
22448,61
22549,1000
22556,61
22590,61
22591,61
22598,1000
22603,61
22604,1000
22609,61
22613,1000
22617,1000
22645,1000
22657,1000
22661,61
22662,61
22663,61
22684,1000
22687,61
22717,1000
22779,61
22789,1000
22794,1000
22799,1000
22800,1000
22809,1000
22814,61
22838,1000
22851,61
22869,1000
22873,61
22874,61
22875,61
22880,61
22882,61
22883,61
22885,61
22886,61
22887,61
22888,61
22889,61
22890,61
22891,61
22893,61
22894,61
22896,61
22897,61
22898,61
22899,61
22900,61
22902,61
22903,61
22904,61
22905,61
22906,61
22907,1000
22909,61
22910,61
22911,61
22912,61
22913,61
22914,1000
22921,61
22922,61
22923,61
22924,61
22927,61
22930,61
22934,61
22935,61
22936,61
22937,61
22938,61
22941,61
22942,61
22944,61
22945,61
22949,61
22950,1000
22951,61
22952,61
22955,61
22956,61
22958,61
22959,61
22963,61
22964,61
22966,61
22967,61
22968,61
22970,61
22971,61
22972,61
22974,61
22975,61
22976,61
22978,61
22979,61
22980,61
22981,61
22982,61
22986,61
22987,61
22988,61
22989,61
22990,61
22991,61
22996,61
22997,61
23000,61
23004,61
23005,61
23006,61
23008,61
23011,61
23012,61
23014,61
23016,61
23017,61
23019,61
23020,61
23021,61
23023,61
23024,61
23027,61
23028,61
23029,61
23030,61
23031,61
23032,61
23035,61
23036,61
23039,61
23051,61
23052,61
23053,61
23055,61
23060,61
23061,61
23063,61
23066,61
23067,61
23068,61
23070,61
23085,1000
23087,61
23091,61
23096,61
23097,61
23100,61
23101,61
23105,61
23108,61
23109,61
23110,61
23111,61
23112,61
23113,61
23114,61
23116,61
23117,61
23118,61
23120,61
23121,61
23122,61
23123,61
23124,61
23125,61
23126,61
23128,61
23129,61
23131,61
23133,61
23134,61
23135,61
23136,61
23137,61
23138,61
23139,61
23140,61
23142,61
23143,61
23144,61
23145,61
23146,61
23147,61
23148,61
23153,61
23158,61
23160,61
23162,61
23170,61
23172,61
23183,61
23187,61
23188,61
23193,61
23200,61
23202,1000
23207,61
23208,1000
23213,61
23214,61
23219,61
23237,61
23250,61
23251,61
23252,61
23253,61
23254,61
23255,61
23291,61
23294,61
23304,61
23309,61
23315,61
23316,61
23345,16
23368,61
23393,1000
23394,61
23406,61
23451,61
23499,61
23554,61
23555,61
23556,61
23559,61
23562,61
23563,61
23564,61
23566,1000
23579,61
23583,61
23597,61
23600,61
23633,16
23659,61
23664,16
23708,61
23746,61
23765,61
23766,16
23780,61
23808,16
23814,16
23851,61
23853,61
23854,61
23859,1000
23863,61
23904,61
23930,61
23931,61
23932,61
23933,61
23971,61
23987,1000
23990,1000
23991,1000
23992,1000
23993,1000
24014,61
24016,16
24019,61
24067,61
24068,61
24090,1000
24092,61
24093,61
24105,1000
24129,1000
24130,1000
24133,61
24137,61
24158,61
24168,61
24171,61
24175,61
24188,61
24189,61
24196,61
24197,61
24198,1000
24207,61
24217,61
24243,1000
24244,1000
24245,1000
24246,1000
24253,61
24274,61
24276,61
24278,61
24302,61
24304,1000
24314,61
24317,61
24332,61
24361,1000
24370,1000
24371,1000
24378,61
24386,1000
24394,61
24397,1000
24420,1000
24424,61
24437,61
24457,1000
24469,16
24470,16
24471,16
24472,16
24473,16
24474,16
24475,61
24476,61
24477,61
24478,61
24479,61
24480,61
24481,61
24482,1000
24501,1000
24507,61
24508,61
24552,1000
24561,1000
24587,61
24588,61
24597,1000
24598,1000
24603,1000
24619,16
24627,1000
24633,1000
24639,61
24646,1000
24656,1000
24661,61
24685,1000
24692,61
24694,61
24695,1000
24699,61
24733,1000
24746,1000
24748,61
24749,1000
24754,1000
24762,1000
24768,1000
24779,1000
24800,1000
24815,1000
24826,1000
24852,61
24855,1000
24862,1000
24871,52
24891,61
24892,61
24893,61
24894,61
24922,1000
24930,1000
24933,61
24935,1000
24971,1000
24973,61
24990,1000
24998,1000
25001,1000
25002,1000
25006,1000
25007,1000
25033,61
25036,61
25049,61
25078,61
25080,1000
25096,1000
25100,61
25106,1000
25122,61
25125,1000
25132,1000
25147,61
25167,61
25182,61
25184,1000
25186,61
25187,1000
25195,52
25214,1000
25216,1000
25224,1000
25237,1000
25247,1000
25259,1000
25274,1000
25278,1000
25283,1000
25288,61
25293,1000
25301,1000
25304,1000
25312,1000
25363,1000
25364,61
25366,1000
25386,61
25399,61
25428,61
25429,1000
25438,1000
25439,1000
25443,61
25445,1000
25477,1000
25493,1000
25495,1000
25503,1000
25524,61
25525,61
25526,61
25543,1000
25564,1000
25573,1000
25574,1000
25594,1000
25627,1000
25645,1000
25646,1000
25650,1000
25657,1000
25671,61
25685,1000
25736,1000
25741,1000
25747,61
25750,1000
25757,61
25764,61
25773,1000
25798,1000
25851,61
25859,1000
25886,61
25899,1000
25927,1000
25932,61
25936,1000
25948,1000
25949,1000
25960,61
25962,61
25985,1000
25989,61
26018,1000
26055,1000
26098,62
26100,61
26128,1000
26129,1000
26147,61
26154,1000
26166,1000
26169,1000
26184,1000
26189,1000
26217,61
26227,1000
26228,1000
26238,1000
26242,48
26244,1000
26248,61
26249,61
26250,61
26257,1000
26288,1000
26320,1000
26328,1000
26330,1000
26368,1000
26370,61
26371,61
26375,61
26388,61
26413,1000
26416,61
26482,61
26484,61
26495,61
26537,1000
26538,1000
26553,1000
26561,61
26570,1000
26574,61
26575,61
26576,61
26585,61
26588,62
26589,61
26590,61
26591,61
26593,61
26594,61
26595,61
26596,61
26597,61
26598,62
26599,1000
26600,61
26601,61
26602,61
26603,61
26604,61
26606,61
26607,61
26610,61
26611,1000
26616,501
26618,61
26619,61
26623,61
26628,61
26634,61
26635,61
26637,61
26638,61
26639,61
26640,61
26641,61
26642,61
26643,61
26644,61
26645,61
26647,61
26650,61
26653,61
26655,61
26656,61
26657,61
26658,61
26659,61
26660,61
26663,61
26671,61
26673,61
26675,61
26676,61
26678,1000
26679,61
26680,61
26681,61
26682,61
26683,61
26684,61
26685,61
26689,61
26690,61
26691,61
26692,61
26693,61
26695,61
26696,61
26699,1000
26700,61
26702,61
26703,1000
26707,61
26708,61
26710,61
26713,61
26715,61
26717,61
26718,61
26719,61
26720,61
26721,61
26722,61
26723,61
26724,61
26726,61
26728,61
26730,61
26731,61
26732,61
26733,61
26735,61
26736,61
26737,61
26738,61
26740,61
26741,61
26742,61
26749,61
26750,61
26755,61
26764,61
26766,61
26769,61
26771,61
26772,61
26774,61
26775,61
26776,61
26777,61
26778,61
26779,61
26780,61
26781,61
26784,61
26785,61
26786,61
26787,61
26788,61
26789,61
26790,61
26791,61
26792,61
26793,61
26794,61
26795,61
26796,61
26797,61
26799,61
26800,61
26801,61
26804,61
26805,61
26806,61
26809,61
26810,61
26811,1000
26813,61
26815,61
26816,61
26817,61
26821,1000
26822,61
26823,61
26826,501
26828,61
26830,16
26831,61
26832,61
26835,16
26837,61
26841,1000
26843,61
26847,61
26849,61
26851,61
26852,61
26854,61
26857,61
26860,61
26875,61
26881,61
26884,61
26899,62
26906,61
26912,61
26922,61
26926,61
26928,16
26937,61
26968,501
26971,1000
26978,61
27018,1000
27026,16
27029,61
27074,1000
27077,61
27082,16
27084,61
27098,1000
27102,61
27108,61
27111,61
27112,61
27113,61
27114,61
27115,61
27116,61
27124,61
27131,61
27133,61
27163,61
27186,61
27194,61
27202,1000
27207,1000
27229,61
27242,61
27244,61
27245,61
27248,1000
27260,1000
27288,1000
27297,1000
27319,61
27325,61
27326,61
27327,61
27328,61
27329,61
27340,1000
27362,61
27363,61
27379,61
27380,61
27381,61
27382,61
27383,61
27384,61
27386,61
27387,61
27388,61
27389,61
27390,61
27391,61
27392,61
27393,61
27394,61
27395,61
27398,61
27399,61
27400,61
27402,61
27403,61
27404,61
27405,61
27406,61
27408,61
27409,61
27411,61
27412,61
27415,61
27416,61
27419,61
27421,61
27425,1000
27427,61
27428,61
27429,61
27430,61
27431,61
27433,61
27434,61
27435,61
27436,61
27437,61
27438,61
27439,61
27441,61
27442,35
27443,35
27444,35
27445,35
27446,35
27447,35
27449,61
27450,61
27451,61
27452,61
27453,61
27454,61
27455,61
27456,61
27457,61
27459,61
27460,61
27464,61
27465,61
27466,61
27470,61
27471,61
27472,61
27475,61
27476,61
27478,61
27479,61
27480,61
27482,61
27484,61
27486,61
27488,61
27495,61
27498,61
27500,61
27501,61
27502,61
27503,61
27504,61
27506,61
27507,61
27508,61
27510,61
27511,61
27512,61
27521,61
27522,61
27523,61
27524,61
27529,61
27530,61
27534,61
27536,61
27537,61
27539,61
27540,61
27543,61
27545,61
27546,61
27547,61
27548,61
27549,61
27550,61
27555,61
27558,61
27559,61
27560,61
27561,61
27562,61
27563,61
27564,61
27566,61
27571,61
27576,61
27579,61
27582,61
27583,61
27584,61
27587,61
27596,61
27626,61
27649,61
27652,61
27669,61
27736,61
27754,61
27755,61
27756,61
27804,16
27814,61
27819,61
27835,61
27842,16
27849,61
27891,16
27892,61
27903,61
27931,16
27935,61
27943,16
27962,16
27966,61
27975,16
27985,61
28009,16
28014,61
28017,16
28024,16
28050,61
28098,61
28112,61
28118,61
28135,61
28165,61
28205,61
28281,61
28306,61
28312,61
28314,61
28316,1000
28339,16
28341,16
28342,16
28343,16
28344,16
28345,61
28407,61
28550,61
28713,1000
28786,61
28787,61
28813,61
28964,61
29447,61
29448,61
29532,61
29612,1000
29613,1000
29614,1000
29771,61
29788,61
29843,61
29844,1000
29845,1000
29847,61
29848,61
29849,61
29856,61
29857,61
29858,61
29878,61
29879,61
29903,16
29912,61
29913,61
29928,61
29930,61
29937,61
29956,61
30004,1000
30011,61
30053,16
30054,16
30103,1000
30133,61
30134,61
30135,61
30149,1000
30157,1000
30158,1000
30159,1000
30206,61
30252,1000
30449,61
30485,16
30487,16
30504,61
30573,1000
30574,1000
30648,61
30649,61
30667,1000
30705,61
30727,61
30741,61
30747,61
30846,1000
30858,61
30887,1000
30888,1000
30900,1000
30914,1000
30933,61
30939,61
31024,61
31114,1000
31125,61
31158,61
31177,61
31245,1000
31310,61
31389,1000
31430,61
31456,61
31482,61
31483,61
31484,61
31485,61
31486,61
31493,61
31494,61
31495,61
31496,61
31497,61
31498,61
31499,61
31500,61
31501,61
31502,61
31503,61
31504,61
31505,61
31506,61
31548,61
31551,61
31570,61
31586,1000
31606,16
31631,61
31647,16
31653,61
31701,61
31719,61
31730,1000
31802,1000
31810,61
31822,61
31823,61
31825,61
31855,1000
31899,61
31946,1000
31947,1000
31960,1000
31993,61
32063,1000
32067,1000
32087,61
32116,1000
32132,1000
32135,61
32160,1000
32180,16
32305,16
32332,1000
32348,61
32360,61
32368,1000
32477,61
32506,16
32568,1000
32575,16
32614,48
32653,61
32654,61
32686,1000
32697,61
32745,16
32763,61
32765,61
32803,61
32843,1000
32844,1000
32845,1000
32905,1000
32919,61
32932,1000
32933,1000
32949,1000
32950,1000
32974,1000
32980,1000
33029,1000
33038,1000
33048,61
33054,1000
33066,61
33188,16
33259,61
33290,1000
33291,1000
33292,1000
33293,1000
33345,1000
33377,1000
33450,1000
33469,61
33476,61
33487,61
33507,61
33528,1000
33540,16
33543,1000
33557,1000
33618,1000
33619,1000
33623,1000
33649,1000
33683,1000
33692,61
33725,1000
33733,61
33739,61
33772,1000
33806,61
33833,61
33844,61
33849,1000
33867,61
33924,1000
33926,1000
33938,1000
33993,16
34004,1000
34029,1000
34127,61
34179,61
34187,1000
34205,61
34206,1000
34226,61
34227,61
34235,61
34237,1000
34282,61
34283,61
34297,1000
34307,1000
34321,61
34357,16
34358,61
34359,61
34372,61
34375,1000
34383,1000
34399,61
34402,1000
34425,61
34442,61
34472,16
34473,16
34474,16
34475,16
34476,61
34477,61
34478,61
34479,61
34517,1000
34531,1000
34565,1000
34566,61
34570,1000
34633,1000
34638,1000
34656,1000
34658,61
34659,1000
34728,61
34785,1000
34810,61
34816,1000
34818,1000
34819,1000
34820,1000
34823,1000
34865,1000
34876,1000
34897,1000
34914,1000
34928,1000
34929,1000
34935,1000
34999,1000
35002,1000
35027,1000
35037,1000
35038,1000
35060,1000
35131,1000
35144,1000
35145,61
35214,1000
35215,1000
35216,1000
35217,1000
35249,61
35326,1000
35336,1000
35394,61
35428,1000
35439,1000
35448,1000
35462,1000
35467,1000
35469,1000
35470,1000
35537,61
35539,1000
35581,1000
35630,1000
35633,61
35642,61
35643,61
35644,61
35645,61
35646,61
35647,1000
35768,61
35783,61
35799,1000
35800,1000
35829,1000
35882,1000
35904,61
35905,1000
35940,61
35941,1000
35948,61
35971,61
36154,1000
36161,1000
36181,61
36182,61
36260,1000
36322,1000
36352,61
36353,61
36354,61
36355,61
36356,61
36366,61
36395,1000
36406,1000
36408,1000
36422,61
36430,1000
36445,1000
36480,1000
36491,1000
36496,1000
36510,1000
36533,1000
36568,1000
36573,61
36578,61
36615,1000
36637,61
36638,61
36639,61
36653,61
36660,1000
36695,1000
36734,1000
36765,1000
36808,1000
36841,1000
36874,61
36883,52
36904,61
36963,1000
36964,1000
36965,1000
37013,1000
37014,61
37018,61
37034,1000
37090,61
37117,61
37128,1000
37173,61
37173,1000
37176,1000
37177,52
37197,1000
37217,61
37218,61
37254,1000
37256,61
37263,1000
37270,61
37291,61
37291,1000
37308,51
37382,1000
37383,1000
37384,1000
37394,1000
37420,61
37446,1000
37447,1000
37448,61
37455,1000
37456,1000
37458,1000
37466,1000
37470,1000
37496,1000
37580,1000
37611,1000
37616,1000
37647,61
37655,61
37685,1000
37688,1000
37689,1000
37690,1000
37732,1000
37733,1000
37734,1000
37747,1000
37751,1000
37768,1000
37771,1000
37818,1000
37821,1000
37858,61
37870,1000
37875,61
37882,61
37883,61
37914,61
37918,61
38007,1000
38011,1000
38031,1000
38060,1000
38077,1000
38078,1000
38079,1000
38082,1000
38094,61
38100,1000
38111,1000
38112,1000
38138,1000
38146,1000
38224,1000
38345,1000
38405,1000
38452,1000
38455,61
38456,61
38461,61
38566,1000
38567,1000
38586,1000
38605,61
38617,1000
38620,61
38621,61
38656,1000
38682,1000
38697,1000
38727,1000
38736,1000
38737,1000
38738,61
38774,61
38795,1000
38807,1000
38839,1000
38866,1000
38885,61
38909,1000
38914,1000
38916,1000
38927,1000
38950,1000
38953,61
39039,1000
39048,1000
39068,1000
39080,1000
39132,1000
39159,1000
39166,1000
39173,1000
39174,1000
39189,1000
39240,61
39255,1000
39261,1000
39262,1000
39284,1000
39285,1000
39316,1000
39333,1000
39334,1000
39343,1000
39361,48
39394,1000
39396,1000
39415,1000
39418,1000
39450,1000
39457,1000
39484,1000
39488,1000
39489,1000
39541,1000
39556,1000
39565,1000
39600,61
39603,1000
39629,1000
39664,1000
39671,1000
39677,1000
39688,1000
39730,1000
39776,1000
39859,1000
39870,1000
39884,1000
39885,1000
39898,1000
39919,1000
39920,1000
39924,61
39933,1000
39969,61
39979,1000
39981,1000
40010,1000
40017,1000
40025,1000
40027,61
40054,1000
40101,1000
40153,1000
40165,61
40173,61
40174,61
40175,61
40176,61
40177,61
40178,61
40179,61
40180,61
40181,61
40182,61
40183,61
40184,61
40186,61
40187,61
40188,61
40189,61
40192,61
40193,61
40194,61
40196,61
40197,61
40198,61
40200,1000
40209,1000
40210,61
40211,61
40212,61
40213,61
40214,61
40215,61
40216,61
40217,61
40218,61
40219,16
40220,61
40221,61
40222,61
40223,61
40224,61
40225,61
40226,61
40227,61
40229,61
40230,61
40231,61
40232,61
40233,61
40238,51
40239,61
40240,61
40241,61
40242,61
40251,61
40262,61
40274,61
40275,61
40276,61
40278,61
40279,61
40280,61
40281,61
40282,61
40284,61
40287,61
40288,61
40289,61
40290,61
40291,61
40292,61
40297,61
40298,61
40299,61
40300,61
40307,61
40308,61
40313,61
40315,61
40316,61
40317,61
40318,61
40319,61
40321,61
40322,61
40324,61
40325,61
40326,61
40327,61
40328,61
40330,61
40332,61
40333,61
40335,61
40338,61
40339,61
40341,61
40343,61
40344,61
40345,61
40346,61
40348,61
40351,1000
40356,61
40357,61
40359,61
40372,61
40375,61
40381,61
40393,61
40395,61
40399,61
40400,61
40403,61
40405,1000
40406,1000
40410,61
40439,61
40445,61
40447,61
40448,61
40450,61
40451,61
40452,61
40456,61
40460,61
40467,61
40468,61
40477,61
40487,61
40493,61
40510,1000
40512,61
40527,1000
40529,61
40540,61
40548,61
40563,61
40592,61
40594,1000
40599,61
40616,1000
40653,61
40671,61
40672,61
40673,61
40674,61
40675,61
40676,61
40695,61
40696,61
40703,61
40714,61
40728,1000
40768,61
40807,1000
40839,61
40852,1000
40888,1000
40911,61
40912,61
40914,61
40915,61
40916,61
40917,61
40918,61
40919,61
40920,61
40921,61
40924,61
40925,61
40927,61
40929,61
40930,61
40931,61
40934,61
40935,61
40936,61
40937,61
40938,61
40939,61
40940,61
40942,61
40947,61
40950,61
40951,61
40952,61
40959,61
40963,61
40964,1000
40980,61
40982,61
40983,61
40984,61
40985,61
40986,61
40987,61
40989,61
40990,61
40991,61
40994,61
40995,61
40996,61
40997,61
40998,61
40999,61
41000,61
41002,61
41003,61
41005,61
41006,61
41007,61
41008,61
41009,61
41010,61
41016,61
41020,61
41021,61
41023,61
41029,61
41030,61
41031,61
41033,61
41035,61
41036,61
41037,61
41038,61
41041,61
41044,61
41045,61
41048,61
41049,61
41052,61
41053,61
41054,61
41056,61
41059,61
41064,61
41072,61
41073,61
41077,61
41081,61
41082,61
41084,61
41085,61
41097,61
41099,61
41100,61
41108,61
41109,61
41110,61
41111,61
41115,61
41116,61
41118,61
41119,61
41122,61
41124,61
41126,61
41131,61
41132,61
41133,61
41135,61
41136,61
41137,61
41138,61
41142,61
41145,61
41146,61
41148,61
41149,61
41150,61
41155,61
41159,61
41160,61
41164,61
41205,16
41222,16
41234,16
41246,61
41249,61
41250,61
41264,61
41318,61
41321,61
41404,61
41422,61
41444,61
41455,1000
41545,1000
41585,61
41609,61
41633,61
41664,61
41677,61
41687,61
41712,61
41722,61
41727,61
41753,61
41774,1000
41797,61
41811,61
41839,61
41852,1000
41875,61
41876,61
41892,1000
41897,61
41905,61
41923,61
41931,61
41937,61
41958,61
41981,1000
41987,61
41997,61
42007,61
42017,61
42022,61
42038,1000
42044,1000
42045,1000
42046,1000
42048,61
42049,61
42065,61
42079,1000
42084,1000
42095,1000
42096,1000
42098,61
42118,16
42128,1000
42130,1000
42148,61
42175,61
42179,61
42215,61
42219,61
42230,1000
42245,61
42280,61
42296,61
42297,61
42317,61
42334,61
42391,61
42408,1000
42422,61
42432,1000
42465,1000
42557,1000
42573,61
42576,1000
42620,61
42669,1000
42733,61
42755,1000
42819,61
42838,1000
42853,1000
42938,1000
42960,61
42966,1000
42967,1000
42968,1000
42969,1000
42974,61
43019,1000
43041,61
43055,1000
43059,1000
43060,1000
43068,1000
43069,1000
43110,1000
43125,1000
43146,1000
43147,1000
43148,1000
43149,1000
43152,1000
43153,1000
43157,1000
43161,1000
43172,61
43181,1000
43198,1000
43204,1000
43214,1000
43226,1000
43261,1000
43270,1000
43272,61
43274,1000
43277,61
43278,61
43279,61
43281,61
43285,1000
43300,1000
43309,1000
43372,1000
43392,1000
43412,61
43413,61
43414,61
43415,61
43416,61
43417,61
43469,1000
43480,1000
43481,1000
43490,1000
43491,1000
43493,61
43494,61
43495,61
43496,61
43499,1000
43539,61
43540,1000
43546,1000
43560,1000
43565,1000
43578,61
43581,61
43586,1000
43611,61
43616,1000
43658,1000
43664,1000
43676,1000
43693,1000
43705,1000
43724,1000
43731,1000
43786,61
43801,1000
43809,1000
43832,1000
43841,1000
43842,61
43843,61
43851,1000
43862,1000
43864,1000
43866,1000
43903,1000
43918,1000
43919,61
43920,61
43921,61
43922,61
43923,61
43935,1000
43952,1000
43958,1000
43976,61
43990,61
43996,61
44029,1000
44059,61
44096,1000
44118,1000
44119,1000
44126,48
44129,1000
44130,1000
44137,1000
44141,1000
44143,1000
44144,1000
44145,1000
44146,1000
44167,1000
44174,1000
44191,1000
44193,1000
44214,1000
44223,1000
44230,1000
44239,62
44246,1000
44250,1000
44289,1000
44294,61
44295,61
44296,61
44297,61
44298,61
44299,61
44300,61
44301,61
44302,61
44303,61
44304,61
44305,61
44307,61
44308,61
44309,61
44310,61
44312,61
44313,61
44314,61
44316,61
44318,61
44319,61
44320,61
44322,61
44329,61
44333,61
44334,61
44340,61
44342,61
44346,61
44351,61
44355,61
44357,61
44358,61
44360,61
44361,61
44362,61
44363,61
44364,61
44366,61
44377,61
44380,61
44383,61
44385,1000
44394,61
44395,61
44396,61
44397,61
44400,61
44403,61
44404,61
44408,61
44410,61
44411,61
44412,61
44413,61
44414,61
44416,61
44419,61
44423,61
44430,61
44438,61
44440,61
44441,61
44445,61
44449,61
44450,61
44452,61
44453,61
44454,61
44455,61
44458,61
44459,61
44460,61
44461,61
44462,61
44463,61
44464,61
44466,61
44468,61
44469,61
44470,61
44472,61
44473,61
44474,61
44475,61
44477,61
44478,61
44479,61
44483,61
44485,61
44486,61
44491,61
44492,61
44493,61
44494,61
44504,61
44505,1000
44509,61
44511,61
44512,61
44513,61
44514,61
44531,61
44532,61
44542,61
44543,61
44547,1000
44550,61
44552,61
44553,61
44555,61
44564,61
44566,61
44567,61
44568,61
44586,61
44597,16
44627,61
44639,61
44679,61
44689,61
44709,52
44743,1000
44745,61
44754,61
44799,1000
44800,61
44824,61
44847,1000
44861,61
44863,61
44897,61
44921,61
44939,61
44960,61
44961,48
44962,61
44992,61
45003,61
45011,61
45044,61
45068,61
45126,61
45164,1000
45195,61
45213,1000
45225,1000
45236,1000
45246,61
45273,61
45296,1000
45297,1000
45299,61
45300,61
45342,1000
45356,1000
45361,1000
45362,1000
45363,1000
45378,1000
45414,1000
45425,1000
45426,1000
45481,1000
45487,1000
45496,1000
45506,1000
45511,1000
45515,1000
45540,61
45545,61
45546,61
45549,1000
45571,1000
45572,1000
45573,1000
45577,1000
45644,1000
45645,1000
45646,1000
45669,1000
45681,1000
45690,1000
45698,61
45702,61
45703,61
45704,61
45705,61
45706,61
45712,61
45713,61
45714,61
45715,61
45716,61
45720,61
45726,61
45728,61
45731,61
45733,61
45737,61
45738,61
45740,61
45749,61
45754,61
45757,61
45761,61
45764,61
45774,61
45775,61
45780,61
45784,61
45797,61
45803,61
45806,1000
45807,1000
45808,1000
45809,1000
45810,1000
45913,61
45914,61
45917,61
45918,61
45919,61
45921,61
45922,61
45923,61
45926,61
45942,61
45965,61
45966,61
45978,61
45979,61
46000,61
46001,61
46002,61
46012,61
46015,61
46030,61
46031,61
46045,61
46048,61
46052,61
46092,61
46112,61
46140,1000
46141,1000
46183,61
46185,61
46198,1000
46200,61
46228,1000
46238,1000
46307,1000
46357,61
46358,61
46359,61
46360,61
46361,61
46362,61
46363,61
46364,61
46366,61
46372,61
46376,61
46378,61
46381,61
46382,61
46389,61
46392,61
46411,61
46414,61
46416,61
46418,61
46419,61
46422,61
46424,61
46426,61
46427,61
46429,61
46430,61
46432,61
46437,61
46445,61
46473,61
46474,61
46475,61
46477,61
46500,16
46501,48
46503,61
46510,61
46512,61
46540,61
46563,61
46655,61
46670,61
46675,61
46703,1000
46775,61
46778,61
46779,16
46826,16
46831,61
46872,61
46886,61
46891,61
46897,1000
46936,48
46949,61
46950,61
46961,61
46976,61
46998,48
47051,61
47065,61
47113,16
47133,16
47148,16
47161,16
47163,16
47207,61
47244,61
47254,61
47341,61
47356,61
47433,61
47490,16
47566,1000
47582,1000
47601,1000
47764,61
47902,61
47958,1000
47978,61
48048,1000
48060,16
48090,16
48115,61
48155,1000
48348,1000
48434,1000
48452,61
48481,61
48485,1000
48499,1000
48536,61
48591,61
48607,1000
48608,1000
48625,61
48626,1000
48627,1000
48628,1000
48629,1000
48653,1000
48728,61
48763,1000
48801,61
48821,16
48822,61
48892,1000
48939,1000
48958,1000
48994,1000
49009,61
49073,1000
49083,1000
49084,1000
49240,1000
49337,1000
49338,1000
49339,1000
49373,1000
49375,1000
49459,1000
49538,1000
49577,1000
49671,1000
49672,1000
49719,1000
49758,1000
49766,1000
49818,1000
49828,1000
49836,61
49870,1000
49910,61
49949,1000
49997,61
49999,61
50000,61
50002,61
50004,61
50006,61
50008,61
50009,61
50012,61
50013,61
50014,61
50016,61
50017,61
50020,61
50021,61
50024,61
50027,61
50029,61
50030,61
50033,61
50034,61
50039,61
50043,61
50044,61
50048,61
50051,61
50056,61
50065,61
50072,61
50083,61
50086,61
50090,61
50093,61
50095,61
50099,1000
50100,61
50101,61
50102,61
50115,61
50116,61
50117,61
50118,61
50119,61
50120,61
50122,61
50129,61
50130,61
50131,61
50134,61
50135,1000
50136,16
50138,61
50148,61
50150,61
50151,61
50152,61
50153,61
50154,61
50155,61
50164,61
50168,1000
50170,61
50171,61
50174,61
50177,61
50179,61
50191,61
50203,61
50204,61
50205,61
50206,61
50218,61
50226,61
50227,61
50233,61
50241,61
50253,61
50266,61
50267,61
50268,1000
50269,1000
50270,61
50360,61
50392,61
50426,61
50473,61
50488,61
50510,61
50527,61
50563,61
50564,61
50582,61
50607,61
50613,16
50650,61
50694,61
50735,61
50736,61
50737,61
50738,61
50740,61
50806,61
50857,61
50868,61
50982,1000
50993,61
51030,1000
51096,61
51108,1000
51219,61
51220,61
51228,61
51249,61
51312,1000
51320,61
51330,51
51354,16
51383,61
51410,61
51442,1000
51534,1000
51583,61
51588,1000
51617,61
51633,1000
51681,1000
51687,61
51718,1000
51722,61
51740,1000
51753,61
51755,61
51756,61
51763,61
51768,61
51770,61
51776,51
51782,61
51786,61
51797,61
51802,61
51810,61
51812,61
51818,61
51819,61
51820,61
51821,61
51822,61
51829,61
51830,1000
51834,51
51857,61
51859,61
51870,1000
51872,61
51877,1000
51878,1000
51879,1000
51880,1000
51881,1000
51882,1000
51883,1000
51884,1000
51888,61
51889,61
51890,61
51895,61
51898,51
51900,61
51906,61
51909,61
51910,1000
51913,61
51919,61
51931,61
51932,61
51934,61
51935,1000
51943,61
51948,61
51949,61
51951,61
51953,61
51962,1000
51964,61
51967,61
51975,61
51981,51
51982,61
51984,61
51987,61
51996,61
51997,51
52003,61
52008,61
52010,61
52022,51
52040,61
52041,61
52043,61
52050,61
52051,61
52056,61
52065,61
52068,1000
52069,61
52073,61
52074,61
52075,61
52076,61
52077,61
52092,61
52093,61
52101,61
52106,1000
52111,61
52114,61
52117,1000
52121,61
52126,61
52143,61
52158,61
52159,61
52160,61
52177,61
52178,61
52186,61
52188,61
52189,61
52198,1000
52204,61
52209,61
52215,61
52221,61
52246,61
52247,61
52268,61
52280,61
52281,61
52299,61
52302,1000
52307,1000
52311,61
52315,61
52317,61
52335,51
52341,61
52342,61
52353,61
52356,1000
52359,61
52360,61
52361,61
52367,61
52369,61
52373,61
52380,61
52381,61
52394,61
52396,61
52399,61
52405,61
52407,61
52409,61
52415,61
52418,1000
52421,1000
52424,61
52432,61
52441,1000
52443,51
52444,1000
52450,61
52451,61
52453,61
52456,61
52463,61
52468,61
52472,61
52477,1000
52478,61
52479,61
52481,61
52482,61
52526,1000
52601,61
52602,61
52604,61
52611,61
52615,61
52616,61
52617,16
52618,61
52621,61
52622,61
52623,61
52637,61
52648,61
52656,61
52657,61
52658,1000
52665,61
52666,61
52667,61
52668,61
52669,61
52672,61
52673,61
52674,61
52675,61
52676,61
52677,61
52679,61
52680,61
52681,61
52683,61
52684,61
52686,61
52689,61
52690,61
52691,61
52692,61
52694,61
52697,61
52698,61
52699,61
52700,61
52701,61
52702,61
52703,61
52705,61
52706,61
52707,61
52711,61
52718,61
52723,61
52729,61
52730,61
52733,61
52734,61
52735,61
52737,61
52740,61
52741,61
52742,61
52746,61
52747,61
52748,61
52750,61
52751,61
52752,61
52753,61
52754,61
52755,61
52757,61
52758,61
52759,61
52760,61
52761,61
52762,61
52763,61
52764,61
52765,61
52766,61
52768,61
52769,61
52770,61
52773,61
52775,61
52776,61
52778,61
52780,61
52783,61
52784,61
52785,61
52787,61
52788,61
52789,61
52790,61
52791,61
52792,61
52793,61
52794,61
52796,61
52797,61
52798,61
52799,61
52800,61
52801,61
52802,61
52803,61
52804,61
52805,61
52807,61
52808,61
52810,61
52813,61
52814,61
52816,61
52817,61
52818,61
52819,61
52820,61
52821,61
52822,61
52826,61
52839,61
52879,16
52881,16
52882,16
52890,61
52903,61
52904,48
52906,61
52907,61
52908,61
52909,61
52911,61
52915,48
52994,61
53051,61
53121,16
53363,61
53396,61
53402,1000
53410,61
53471,61
53545,61
53548,61
53569,61
53804,16
53889,16
53955,1000
53989,61
53998,16
54039,1000
54150,1000
54304,61
54408,61
54488,61
54496,61
54651,48
54658,1000
54727,1000
54746,16
55176,61
55177,61
55185,16
55195,1000
55239,61
55262,61
55272,1000
55281,1000
55299,16
55299,61
55303,61
55320,61
55336,61
55358,1000
55367,61
55368,61
55369,61
55370,61
55371,61
55378,1000
55380,61
55381,61
55386,61
55387,61
55393,51
55412,61
55414,1000
55417,61
55434,1000
55470,1000
55475,61
55481,61
55485,1000
55510,61
55516,61
55521,61
55523,61
55524,61
55529,1000
55532,61
55537,1000
55538,1000
55539,1000
55540,1000
55557,61
55562,61
55571,1000
55575,1000
55588,1000
55594,61
55606,1000
55610,61
55622,61
55629,61
55633,61
55640,61
55641,1000
55645,1000
55647,1000
55649,1000
55651,61
55657,61
55658,61
55671,61
55673,61
55674,61
55677,1000
55680,1000
55685,61
55688,1000
55694,61
55699,61
55710,1000
55724,1000
55742,61
55743,61
55745,61
55746,61
55753,61
55766,61
55779,1000
55785,61
55787,61
55788,61
55789,1000
55793,1000
55796,1000
55803,1000
55816,61
55825,1000
55838,1000
55857,61
55865,1000
55866,61
55868,1000
55870,61
55877,61
55891,61
55893,61
55894,1000
55914,61
55924,61
55932,61
55933,61
55936,61
55939,61
55941,1000
55958,1000
55978,61
55993,1000
55996,61
56009,61
56012,61
56020,1000
56039,61
56052,1000
56063,61
56064,61
56069,1000
56070,1000
56071,1000
56077,61
56098,1000
56102,61
56104,1000
56106,61
56113,61
56120,1000
56138,1000
56154,61
56156,61
56158,1000
56180,1000
56181,1000
56185,1000
56188,61
56190,61
56198,1000
56219,1000
56225,1000
56228,61
56241,61
56243,61
56245,61
56252,1000
56253,1000
56255,1000
56256,61
56262,1000
56270,1000
56281,1000
56287,1000
56288,1000
56289,1000
56295,61
56314,61
56318,61
56325,1000
56338,61
56339,61
56340,61
56342,61
56343,61
56344,61
56345,61
56347,61
56348,61
56354,61
56360,61
56361,61
56362,61
56363,61
56364,61
56365,61
56376,61
56378,61
56380,61
56383,61
56387,61
56391,61
56392,61
56398,61
56399,61
56400,61
56412,61
56413,61
56441,61
56447,61
56451,61
56452,61
56453,61
56454,61
56455,16
56471,61
56488,61
56489,61
56492,61
56500,61
56516,61
56517,61
56539,61
56540,61
56590,61
56591,61
56592,61
56617,61
56618,61
56619,61
56647,16
56655,61
56662,1000
56678,16
56715,61
56720,61
56721,61
56769,16
56802,61
56803,61
56804,61
56818,61
56865,61
56866,61
56867,61
56882,61
56895,48
56907,61
56908,61
56909,61
56910,61
56934,61
56938,61
56940,61
56945,61
56953,61
56964,61
56968,61
56969,61
56970,61
56972,61
56974,61
56978,61
56981,61
56982,61
56983,61
57014,61
57022,61
57030,61
57040,61
57044,61
57051,61
57053,61
57064,61
57065,61
57067,61
57076,61
57079,61
57080,61
57087,61
57088,61
57096,48
57097,48
57098,61
57099,61
57100,61
57104,61
57105,61
57106,61
57107,61
57108,61
57109,61
57110,61
57111,61
57112,61
57113,61
57114,61
57115,61
57116,61
57124,61
57125,61
57126,61
57127,61
57129,61
57130,61
57131,61
57132,61
57133,61
57153,61
57172,61
57173,61
57174,61
57176,61
57177,61
57178,61
57179,61
57185,61
57188,48
57189,61
57190,61
57195,61
57196,61
57199,61
57200,61
57201,61
57202,61
57203,61
57205,61
57206,61
57207,61
57208,61
57209,61
57210,61
57211,61
57212,61
57215,61
57216,61
57217,61
57218,61
57219,61
57220,61
57221,61
57225,61
57227,61
57232,61
57233,61
57234,51
57235,61
57236,61
57239,51
57240,61
57241,61
57269,61
57299,48
57330,61
57346,61
57347,61
57348,61
57349,48
57350,48
57351,61
57352,61
57353,61
57354,61
57355,61
57356,62
57357,62
57358,61
57359,61
57360,61
57362,61
57363,61
57364,61
57366,61
57367,61
57368,61
57369,48
57370,61
57372,61
57373,61
57374,61
57375,61
57376,61
57377,61
57392,1000
57402,61
57404,61
57410,1000
57411,61
57412,48
57414,61
57417,61
57420,61
57444,61
57454,61
57458,61
57459,61
57465,61
57477,61
57478,61
57481,61
57483,61
57520,61
57521,61
57523,61
57524,61
57528,61
57530,61
57531,61
57548,61
57564,61
57567,61
57568,61
57576,61
57578,61
57594,61
57599,61
57607,61
57623,61
57644,61
57645,61
57646,61
57647,61
57666,61
57669,61
57673,61
57682,61
57698,48
57699,48
57700,48
57701,61
57702,48
57706,61
57707,61
57708,61
57709,61
57710,61
57734,61
57761,61
57771,61
57792,61
57794,61
57797,61
57804,61
57830,61
57831,61
57847,61
57853,61
57854,61
57855,61
57864,61
57868,61
57872,61
57873,61
57874,61
57875,61
57877,61
57889,61
57911,61
57926,61
57932,61
57941,61
57942,61
57943,61
57952,48
57954,61
57955,61
57973,61
57989,61
58002,61
58011,61
58018,61
58022,61
58036,61
58037,61
58042,61
58043,61
58044,61
58047,61
58049,61
58054,61
58055,61
58059,61
58060,61
58062,61
58063,61
58069,48
58070,61
58073,62
58074,62
58075,62
58081,61
58082,61
58083,61
58084,61
58085,61
58087,61
58088,61
58089,61
58090,61
58091,61
58094,61
58095,61
58097,61
58098,61
58101,61
58102,61
58103,61
58105,61
58107,61
58114,61
58116,61
58117,61
58118,61
58120,61
58122,61
58123,61
58124,61
58125,61
58129,61
58130,61
58131,61
58132,61
58133,61
58134,61
58135,61
58138,62
58139,62
58144,61
58146,61
58147,61
58148,61
58149,61
58150,61
58151,61
58157,61
58160,61
58161,35
58162,61
58164,61
58171,61
58179,61
58185,61
58187,61
58188,61
58195,61
58196,61
58198,61
58199,61
58200,61
58203,61
58204,62
58205,61
58208,61
58210,61
58212,61
58214,61
58215,61
58216,61
58217,61
58218,61
58220,1000
58221,61
58224,61
58226,61
58227,61
58230,61
58231,61
58233,61
58237,61
58238,61
58244,61
58247,61
58249,61
58250,61
58251,61
58256,61
58257,61
58258,61
58261,61
58273,61
58277,61
58279,61
58280,61
58288,61
58290,61
58293,61
58295,61
58298,1000
58306,61
58309,61
58310,61
58311,61
58312,61
58314,61
58315,61
58316,61
58317,61
58328,61
58329,61
58332,61
58334,61
58337,61
58340,61
58341,61
58342,61
58344,61
58345,61
58347,61
58348,61
58350,61
58353,61
58359,61
58360,61
58364,61
58366,61
58367,61
58368,61
58369,61
58374,61
58375,61
58376,61
58380,61
58386,61
58389,61
58391,61
58392,61
58394,61
58395,61
58396,61
58397,61
58399,61
58401,61
58407,61
58408,61
58410,61
58411,61
58415,61
58421,61
58422,61
58425,61
58428,61
58429,48
58430,61
58431,61
58432,61
58433,61
58434,61
58435,61
58436,61
58437,61
58438,61
58439,48
58440,48
58441,48
58442,61
58443,61
58444,61
58445,61
58446,61
58447,61
58448,61
58449,61
58450,61
58451,61
58452,61
58453,61
58454,61
58455,61
58456,61
58457,61
58458,61
58459,61
58460,61
58461,61
58462,61
58463,61
58464,61
58465,61
58466,61
58467,61
58468,61
58469,61
58470,61
58471,61
58472,61
58473,61
58474,61
58475,61
58476,61
58477,61
58478,61
58479,61
58480,61
58481,61
58482,61
58483,61
58484,61
58485,61
58486,61
58487,61
58488,61
